first_name,last_name,phone_number,email
Arnaldo,Hauck,17247087524,amargup8601082+Hauck@gmail.com
Maryjane,Lesch,19144939316,amargup8601082+Lesch@gmail.com
Alexander,Lowe,16037171979,amargup8601082+Lowe@gmail.com
Elsie,Mohr,12167727547,amargup8601082+Mohr@gmail.com
Golda,Graham,16517196542,amargup8601082+Graham@gmail.com
Jovany,Haley,17628527407,amargup8601082+Haley@gmail.com
Samantha,Collins,15515650894,amargup8601082+Collins@gmail.com
Guido,White,16294669819,amargup8601082+White@gmail.com
Margarette,McKenzie,14583821592,amargup8601082+McKenzie@gmail.com
Arnaldo,Balistreri,12709608143,amargup8601082+Balistreri@gmail.com
